{"cameraMode":{"drawMode":0,"name":"Shaded","section":"Shading Mode"},"sceneLighting":false,"audioPlay":false,"sceneViewState":{"m_AlwaysRefresh":false,"showFog":true,"showSkybox":false,"showFlares":true,"showImageEffects":true,"showParticleSystems":true,"showVisualEffectGraphs":true,"m_FxEnabled":true},"in2DMode":false,"pivot":{"x":1.036495327949524,"y":-1.1570671796798707,"z":-2.944047689437866},"rotation":{"x":-0.000008125859494612087,"y":0.99998539686203,"z":0.0015000156126916409,"w":0.0053983950056135658},"size":6.645966053009033,"orthographic":true}