{"cameraMode":{"drawMode":0,"name":"Shaded","section":"Shading Mode"},"sceneLighting":false,"audioPlay":false,"sceneViewState":{"m_AlwaysRefresh":false,"showFog":true,"showSkybox":false,"showFlares":true,"showImageEffects":true,"showParticleSystems":true,"showVisualEffectGraphs":true,"m_FxEnabled":true},"in2DMode":false,"pivot":{"x":14.569890975952149,"y":4.691429615020752,"z":-0.511123776435852},"rotation":{"x":-0.1129700317978859,"y":0.25972598791122439,"z":-0.030606118962168695,"w":-0.9585748910903931},"size":0.37143760919570925,"orthographic":false}