{"cameraMode":{"drawMode":0,"name":"Shaded","section":"Shading Mode"},"sceneLighting":false,"audioPlay":false,"sceneViewState":{"m_AlwaysRefresh":false,"showFog":true,"showSkybox":false,"showFlares":true,"showImageEffects":true,"showParticleSystems":true,"showVisualEffectGraphs":true,"m_FxEnabled":true},"in2DMode":false,"pivot":{"x":-0.09863165766000748,"y":0.11933246999979019,"z":8.499776840209961},"rotation":{"x":-0.008057611994445324,"y":-0.6411190629005432,"z":-0.00673205079510808,"w":0.767371416091919},"size":6.976522922515869,"orthographic":true}