{"cameraMode":{"drawMode":0,"name":"Shaded","section":"Shading Mode"},"sceneLighting":false,"audioPlay":false,"sceneViewState":{"m_AlwaysRefresh":false,"showFog":true,"showSkybox":false,"showFlares":true,"showImageEffects":true,"showParticleSystems":true,"showVisualEffectGraphs":true,"m_FxEnabled":true},"in2DMode":false,"pivot":{"x":-0.000009153038263320923,"y":0.21784327924251557,"z":11.257987022399903},"rotation":{"x":-0.0020995906088501217,"y":-0.019198991358280183,"z":-0.000040370956412516534,"w":0.9998154640197754},"size":3.9255502223968508,"orthographic":true}