{"cameraMode":{"drawMode":0,"name":"Shaded","section":"Shading Mode"},"sceneLighting":false,"audioPlay":false,"sceneViewState":{"m_AlwaysRefresh":false,"showFog":true,"showSkybox":false,"showFlares":true,"showImageEffects":true,"showParticleSystems":true,"showVisualEffectGraphs":true,"m_FxEnabled":true},"in2DMode":false,"pivot":{"x":-0.7342839241027832,"y":-2.4866576194763185,"z":-0.3693772554397583},"rotation":{"x":-0.01799839176237583,"y":-0.008702021092176438,"z":-0.00015653693117201328,"w":0.9998044371604919},"size":6.245203018188477,"orthographic":true}